<?xml version="1.0" encoding="UTF-8"?>
<beans xmlns="http://www.springframework.org/schema/beans"
	xmlns:xsi="http://www.w3.org/2001/XMLSchema-instance"
	xsi:schemaLocation="http://www.springframework.org/schema/beans http://www.springframework.org/schema/beans/spring-beans.xsd">

	<!-- Root Context: defines shared resources visible to all other web components -->
	<!-- DataSource Spring Bean 등록 -->
	<bean id="dataSource"
		class="org.springframework.jdbc.datasource.DriverManagerDataSource">
		<!-- setUrl()이라는 내장 함수 호출하고 value의 값을 설정해준다. -->
		<property name="url" value="jdbc:mariadb://localhost:33060/scts" />
		<property name="driverClassName" value="org.mariadb.jdbc.Driver" />
		<property name="username" value="root" />
		<property name="password" value="1234" />
	</bean>

	<!-- SqlSessionFactory Spring Bean 등록 : DataSource를 참조함 -->
	<bean id="sqlSessionFactory" class="org.mybatis.spring.SqlSessionFactoryBean">
		<property name="dataSource" ref="dataSource" />
		<property name="configLocation" value="classpath:/mybatis-config.xml" />
		<!-- MyBatis 설정 파일 경로 설정 -->
		<property name="mapperLocations" value="classpath:mappers/**/*Mapper.xml" />
		<!-- MyBatis를 사용하면 sql문을 소스코드에 적지 않는다. mapper 파일에 sql문처럼 적음 -->
	</bean>

	<!-- SqlSession Spring Bean 등록 -->
	<bean id="sqlSession" class="org.mybatis.spring.SqlSessionTemplate"
		destroy-method="clearCache">
		<constructor-arg name="sqlSessionFactory" ref="sqlSessionFactory"></constructor-arg>
	</bean>
</beans>
