<?xml version="1.0" encoding="UTF-8"?>

<!DOCTYPE mapper
  PUBLIC "-//mybatis.org//DTD Mapper 3.0//EN"
  "http://mybatis.org/dtd/mybatis-3-mapper.dtd">

<mapper namespace="yjc.wdb.mapper.PurchaseInfoMapper">


	<resultMap id="billInfo" type="java.util.HashMap">
		<result property="b_id" column="b_id" />
		<result property="publish_date" column="publish_date" />
		<result property="product_name" column="product_name" />
		<result property="user_id" column="user_id" />
		<result property="p_name" column="p_name" />
		<result property="totalPrice" column="totalPrice" />
	</resultMap>

	<resultMap id="billOne" type="java.util.HashMap">
		<result property="product_name" column="product_name" />
		<result property="amount" column="amount" />
		<result property="price" column="price" />
	</resultMap>

	<resultMap id="recommandProduct" type="java.util.HashMap">
		<result property="product_id" column="product_id" />
		<result property="product_name" column="product_name" />
		<result property="product_price" column="product_price" />
	</resultMap>

	<select id="billList" resultMap="billInfo">

		select b.b_id, b.publish_date,
		b.user_id, payway.p_name, sum(product.product_price * p.amount) as
		totalPrice
		from purchaseList p, product, bill b, payway
		where b.b_id =
		p.b_id and product.product_id = p.product_id and payway.p_id = b.p_id
		and b.user_id = #{user_id}
		and date(b.publish_date) >=
		date(subdate(curDate(), INTERVAL #{day} DAY))
		group by p.b_id;


	</select>

	<select id="billOne" resultMap="billOne">
		select product.product_name,
		p.amount, product.product_price *
		amount as price
		from purchaseList p,
		product, bill b
		where product.product_id =
		p.product_id and b.b_id =
		p.b_id and p.b_id = #{b_id}
		group by p.b_id,
		product.product_name;
	</select>


	<select id="recommandProduct" resultMap="recommandProduct">
		select
		product.product_id, product.product_name, product.product_price
		from
		purchaseList p, product, user u, bill b
		where product.product_id =
		p.product_id and u.user_id = b.user_id and
		p.b_id = b.b_id and
		floor(u.age/10) = (select floor(age/10) from user where user_id =
		#{user_id}) and
		u.gender = (select gender from user where user_id =
		#{user_id})
		group by product.product_id, u.gender, floor(u.age/10)
		order by sum(amount) desc
		limit 0, 10;
	</select>
	
</mapper>