<?xml version="1.0" encoding="UTF-8"?>

<!DOCTYPE mapper
  PUBLIC "-//mybatis.org//DTD Mapper 3.0//EN"
  "http://mybatis.org/dtd/mybatis-3-mapper.dtd">

<mapper namespace="yjc.wdb.mapper.UserMapper">

	<insert id="insertUser">
		insert into user
		(USER_ID, USER_PASSWORD, USER_ADRES,
		USER_NM, USER_BRTHDY,
		USER_MBTLNUM, USER_EMAIL, USER_SEXDSTN,
		USER_MRRG_AT)
		values (#{user_id}, #{user_password}, #{user_adres},
		#{user_nm},
		#{user_brthdy},
		#{user_mbtlnum}, #{user_email},
		#{user_sexdstn},
		#{user_mrrg_at})
	</insert>

	<select id="loginUser" resultType="int">
		select count(*)
		from user, employee
		where
		user.USER_ID = #{user_id} and user.USER_PASSWORD = #{user_password}
		and employee.user_id = user.user_id
	</select>

	<select resultType="int" id="checkUser">
		select count(user_id)
		from user
		where
		user_id = #{user_id}
	</select>

	<select id="knowUserBranch" resultType="java.util.HashMap">
select
	dp.BHF_CODE,
	bo.BHF_NM
from
	(select USER_ID, DEPT_CODE from employee_position where USER_ID = #{user_id} ) ep,
	department_position dp,
	branch_office bo
where
	dp.DEPT_CODE = ep.DEPT_CODE and dp.BHF_CODE = bo.bhf_code;
	</select>



	<!-- <update id=""> </update> <delete id=""> </delete> <select id="" resultType=""> 
		</select> -->



</mapper>